<?xml version="1.0" encoding="UTF-8" ?>
<phpdoc>
    <title>contentful.php - API Documentation</title>
    <parser>
        <target>build/phpdoctmp</target>
        <encoding>utf8</encoding>
        <extensions>
            <extension>php</extension>
        </extensions>
    </parser>
    <transformer>
        <target>build/docs</target>
    </transformer>
    <transformations>
        <template name="responsive-twig" />
        <template name="xml" />
    </transformations>
    <files>
        <directory>src</directory>
    </files>
</phpdoc>
